path,bytes,sha256,change,source_zip,source_member,source_sha256,source_match
.gitattributes,1270,c572244abbb8ef6525e1a8ed6893a02436a61781af18837cf0bb06dab0ac9c7b,ADDED,,,,NOT_APPLICABLE
.gitignore,2005,fba647941405d658f6d865d7584ac027581833d83c0c669e31c7b60b1dd369bd,UPDATED,,,,NOT_APPLICABLE
AI-USE-DISCLOSURE.md,1543,feef4f26a8b7882282390aeb31537a73197ed28a7546d6f91445723b6cf596d9,UNCHANGED,,,,NOT_APPLICABLE
attributions.md,4305,06b4b45a2b269e1ed5baabefcb519ecd9a355670f36b054ff15b91cd86dd4241,UNCHANGED,,,,NOT_APPLICABLE
configs/config/protected_reaction_ids.json,26476,6373e8b8ea1af85f4e58819b6f7c42a2a15589106ef4f0dbefa16931c51e81cd,ADDED,FABRIC-AI_Production_Optimizer_v1.2_fresh_Design-mode_freeze_20260908.zip,FABRIC-AI_v1.2_fresh_Design-mode_freeze_20260908/config/protected_reaction_ids.json,6373e8b8ea1af85f4e58819b6f7c42a2a15589106ef4f0dbefa16931c51e81cd,EXACT
configs/fabric_ai/protected_reaction_ids.json,26476,6373e8b8ea1af85f4e58819b6f7c42a2a15589106ef4f0dbefa16931c51e81cd,ADDED,FABRIC-AI_Production_Optimizer_v1.2_fresh_Design-mode_freeze_20260908.zip,FABRIC-AI_v1.2_fresh_Design-mode_freeze_20260908/config/protected_reaction_ids.json,6373e8b8ea1af85f4e58819b6f7c42a2a15589106ef4f0dbefa16931c51e81cd,EXACT
configs/fabric_ai/v1_glucose_reference.json,280,f8605f6d68f3a23be3da8fb37d5fb1134ad4d2d62c81d720f26fea36c01556a5,ADDED,FABRIC-AI_Production_Optimizer_v1.2_fresh_Design-mode_freeze_20260908.zip,FABRIC-AI_v1.2_fresh_Design-mode_freeze_20260908/conditions/v1_glucose_reference.json,f8605f6d68f3a23be3da8fb37d5fb1134ad4d2d62c81d720f26fea36c01556a5,EXACT
configs/fabric_ai/v2a_historical_ethanol_stage.json,464,1e33446024972f882a0260cdd0e1efd06a9e708ad297952b7e926947919d0027,ADDED,FABRIC-AI_Production_Optimizer_v1.2_fresh_Design-mode_freeze_20260908.zip,FABRIC-AI_v1.2_fresh_Design-mode_freeze_20260908/conditions/v2a_historical_ethanol_stage.json,1e33446024972f882a0260cdd0e1efd06a9e708ad297952b7e926947919d0027,EXACT
data/processed/.gitkeep,0,e3b0c44298fc1c149afbf4c8996fb92427ae41e4649b934ca495991b7852b855,UNCHANGED,,,,NOT_APPLICABLE
data/raw/.gitkeep,0,e3b0c44298fc1c149afbf4c8996fb92427ae41e4649b934ca495991b7852b855,UNCHANGED,,,,NOT_APPLICABLE
data/README.md,972,f3d778085b211ba1aeb51c1d34d5f6b88d1181d7fbe2b26b03c88bba6e450e2f,UNCHANGED,,,,NOT_APPLICABLE
Dockerfile,1038,e08389fc3d0e5dd94eb06ccf39181aadb9c8b877b9afb81d4ef4774a3c70e3e5,UNCHANGED,,,,NOT_APPLICABLE
docs/.gitkeep,0,e3b0c44298fc1c149afbf4c8996fb92427ae41e4649b934ca495991b7852b855,UNCHANGED,,,,NOT_APPLICABLE
docs/README.md,321,ef47e3c25733874f3de279ab22f70af81d2234de7acd4ed3e38a99c4a2ea7d9d,UNCHANGED,,,,NOT_APPLICABLE
docs/中期进展汇报/.keep,0,e3b0c44298fc1c149afbf4c8996fb92427ae41e4649b934ca495991b7852b855,UNCHANGED,,,,NOT_APPLICABLE
LICENSE,1094,f2a305542da0b843bb30837c8b450109526bfdb2c95d32c974fcf4fda1ce137d,UNCHANGED,,,,NOT_APPLICABLE
models/fabric_ai/common_model.json,4556661,c7767f92ae22dfd1591ca138e99dc305f477728cffb9eee4eef71d3c162ed684,ADDED,FABRIC-AI_Production_Optimizer_v1.2_fresh_Design-mode_freeze_20260908.zip,FABRIC-AI_v1.2_fresh_Design-mode_freeze_20260908/model/common_model.json,c7767f92ae22dfd1591ca138e99dc305f477728cffb9eee4eef71d3c162ed684,EXACT
notebooks/.gitkeep,0,e3b0c44298fc1c149afbf4c8996fb92427ae41e4649b934ca495991b7852b855,UNCHANGED,,,,NOT_APPLICABLE
notebooks/README.md,483,7b5a933a3c063df5e5671fbc43ae052f6a2e8fd82255503a08f0bdf0222212b2,UNCHANGED,,,,NOT_APPLICABLE
parts/AISB26-045-001/characterization.md,2066,3a38d8baf05a32e30bbe50fa4dcbf8d4658512c468340e08760d4a6c313fb7c1,UNCHANGED,,,,NOT_APPLICABLE
parts/AISB26-045-001/map.svg,7877,a31f59a3d9cc450eb5116b0e9c779825857e0ce62b15322a692f3de69c3cc5f2,ADDED,FABRIC-AI_v0.8_phase2_baseline_signed_20260905(1).zip,parts/AISB26-045-001/map.svg,a31f59a3d9cc450eb5116b0e9c779825857e0ce62b15322a692f3de69c3cc5f2,EXACT
parts/AISB26-045-001/metadata.yaml,1354,cc66dcc5aca8606c3fb562cf94627a78f26e5c430f49c45ddc29120295ddbc40,UNCHANGED,,,,NOT_APPLICABLE
parts/AISB26-045-001/registry_export.gb,18363,aa52c10bc4ef813d65a8f2619db7820e1c48865a9d4126c5b52744ed52a32784,ADDED,FABRIC-AI_v0.8_phase2_baseline_signed_20260905(1).zip,parts/AISB26-045-001/registry_export.gb,aa52c10bc4ef813d65a8f2619db7820e1c48865a9d4126c5b52744ed52a32784,EXACT
parts/AISB26-045-001/sequence.fasta,13157,7f8ace367de86e3a3eae18b4df088506a508a1edfc53a83bc601f3091ff946e6,ADDED,FABRIC-AI_v0.8_phase2_baseline_signed_20260905(1).zip,parts/AISB26-045-001/sequence.fasta,7f8ace367de86e3a3eae18b4df088506a508a1edfc53a83bc601f3091ff946e6,EXACT
parts/AISB26-045-002/characterization.md,2092,af3519e2867367ea7b42b782c393e2fae65cb808bd6984a9785da6fa3407b913,UNCHANGED,,,,NOT_APPLICABLE
parts/AISB26-045-002/map.svg,1070,419ab3726695ca976578bd3d5cbf5ff2b40649338548a290dff1341e9d494a89,ADDED,FABRIC-AI_v0.8_phase2_baseline_signed_20260905(1).zip,parts/AISB26-045-002/map.svg,419ab3726695ca976578bd3d5cbf5ff2b40649338548a290dff1341e9d494a89,EXACT
parts/AISB26-045-002/metadata.yaml,1497,7e2fb792363a10982941547f4968e2cf313a385abbb920dd37e5091b6eb47a89,UNCHANGED,,,,NOT_APPLICABLE
parts/AISB26-045-002/registry_export.gb,1324,82f42b1b6628ac78bd596d2b1069d54d45eb9e1b02e930792a39e390ada58686,ADDED,FABRIC-AI_v0.8_phase2_baseline_signed_20260905(1).zip,parts/AISB26-045-002/registry_export.gb,82f42b1b6628ac78bd596d2b1069d54d45eb9e1b02e930792a39e390ada58686,EXACT
parts/AISB26-045-002/sequence.fasta,865,5e096c8f446ff71f067bf25634623c10e8831fce932d6fec7f98e3b0709a6a69,UNCHANGED,,,,NOT_APPLICABLE
parts/README.md,2076,8a2cac7499ee2de06a7090f65d1adc2071f213b66764859c3a5b83ac7342eae9,UNCHANGED,,,,NOT_APPLICABLE
README.md,12921,ceabbad89d39be39c59906c22d23838f569346315f5c187f446ed75dac33ad34,UPDATED,,,,NOT_APPLICABLE
requirements.txt,1022,f4e87d9c76b599c5a0dc008e356deb8c02cc2a046f62818c454c6bee4b8508e6,UNCHANGED,,,,NOT_APPLICABLE
results/baseline/20260907/fastknock_235_contract.json,677,0212baf2ad9cdfb6edae0d66f54bfea5f1f19cad0201d0c168bfa7ac4d002ced,UNCHANGED,,,,NOT_APPLICABLE
results/baseline/20260907/optenvelope_v1_235pool_transfer_check.csv,512,2a68b2f7e55a94d26db38426760b26f6ce2366b706b12c2e773d4adb6ee0ac07,UNCHANGED,,,,NOT_APPLICABLE
results/baseline/20260907/optenvelope_v1_corrected_closeout_audit.md,3756,45482264df17a14901c8018b3bc1aeeae593b2e8e51a9a66aff3779cb7d31adf,UNCHANGED,,,,NOT_APPLICABLE
results/baseline/20260907/README.md,3559,6467458f8b2671b0b0339b60e44c4853b91f5eb0cfd28d2a57022e8287ba569d,UNCHANGED,,,,NOT_APPLICABLE
results/baseline/20260907/RUNBOOK.md,6032,aaf6bc469dc914d0bbc2fa9f7a212378b51bcee7c4a0bc081966dc05d13392f6,UNCHANGED,,,,NOT_APPLICABLE
results/baseline/20260907/V1_CANDIDATE_POOL_ERRATUM.md,1840,f5b35aa8b3b376eccd33198433918d387e1f9e99949e410516e2d478f739f3aa,UNCHANGED,,,,NOT_APPLICABLE
results/baseline/20260907/v2b_bvitamin_panel_candidate_count_sweep_VALIDATED.csv,241,8c03b657a62d87991a5bdaa8be0cc501f6e296cad6552fac16523567b795d3fe,UNCHANGED,,,,NOT_APPLICABLE
results/baseline/20260907/V2B_DIAGNOSTIC_SPEC_v1.md,2619,61da9ad57a5f1facb83a6d4f8c94f6c61e00c45b08023aafb7e06e3ee4b4ece6,UNCHANGED,,,,NOT_APPLICABLE
results/baseline/20260908/fastknock_run_status.json,1218,7ff2331d443f6a27302b42a39af6c504df1c7ed76a25e16c1d1559112dbc6924,UNCHANGED,,,,NOT_APPLICABLE
results/baseline/20260908/FOUR_METHOD_BENCHMARK_FINAL.md,6901,31a034a9883b06af2f50fe58f0f32f6bae1affd5b27a2791a47c8e26d154f725,UNCHANGED,,,,NOT_APPLICABLE
results/baseline/20260908/README.md,1533,b75589b7c490718e3cece0f66b0b85eb6428b414f03734ae032335d0c0f8b9be,UNCHANGED,,,,NOT_APPLICABLE
results/evidence/20260908/CODE_AND_PARTS_SYNC_TASK.md,4193,03c1264197705f6b9a9f3ce4c6562368d84ba6f2bf1ce4d81e305e2472f6e68d,UNCHANGED,,,,NOT_APPLICABLE
results/evidence/20260908/code_parts_sync/consistency_scan.csv,30909,2baca1986c36c9816da9bd9504a1377bdca08b449c588c2a04c50453b308ce04,ADDED,,,,NOT_APPLICABLE
results/evidence/20260908/code_parts_sync/current_ranking_tests.log,115,f04e20cec761a1f500e855f124f5cf4b65b3d65d25c8c8df4ad6cd7df1406baa,ADDED,,,,NOT_APPLICABLE
results/evidence/20260908/code_parts_sync/current_ranking_verification.json,1833,ad603d5ff65fb296b106e64624c48f912218406a1fe78040dc2d78c084e890bf,ADDED,,,,NOT_APPLICABLE
results/evidence/20260908/code_parts_sync/parts_integrity_check.csv,2970,89e595f54c35c26e0cbeacff6d194963ee017129e3e19211b153fd704b8532e4,ADDED,,,,NOT_APPLICABLE
results/evidence/20260908/code_parts_sync/pre_sync_hashes.json,7969,8dd1bc83c9fa3f8b36320bb25c4423f2005152052ed1d317c68c0b7b4a00b056,ADDED,,,,NOT_APPLICABLE
results/evidence/20260908/code_parts_sync/preservation_check.json,4305,c586d85a228936440c53ee72fc04e2f5b49ff6af21379b86abb4de6f4909b82a,ADDED,,,,NOT_APPLICABLE
results/evidence/20260908/code_parts_sync/README_最终仓库同步结果.md,4164,0c33712c386b9aaacf8f68ff829249ad62740efd9e87a150b13f01b893bd4a71,ADDED,,,,NOT_APPLICABLE
results/evidence/20260908/code_parts_sync/reproduction_smoke_test.log,15588,98a376048871d164a395de44da8b0555dc003e2a9e863faf11709f2a92cf74af,ADDED,,,,NOT_APPLICABLE
results/evidence/20260908/code_parts_sync/science_claims_reviewpoint.md,2006,27f628150e31d5b71f1a5ea8ac5db06435a8d01b6d51528ed7d11f60b2a34f0e,ADDED,,,,NOT_APPLICABLE
results/evidence/20260908/code_parts_sync/smoke_report.json,3549,71c613cd6f24f3b32252e31600bdc7e250d73072dfbbb741bfbdc5dd6ba89da0,ADDED,,,,NOT_APPLICABLE
results/evidence/20260908/code_parts_sync/source_packages.json,1179,5aa526a23c54a99332f47f22dcb4800533ed61f7a8423aff10a5185a9b2d7267,ADDED,,,,NOT_APPLICABLE
results/evidence/20260908/code_parts_sync/source_sync_manifest.csv,13866,67e1700385f716608559b4fc0bc5d5240543d09e67f4d22ce315ef50f3f0ddfa,ADDED,,,,NOT_APPLICABLE
results/evidence/20260908/DBTL_AND_HP_EVIDENCE.md,4177,68052362b4922ac0a86c5b5339f4125bcd6bc280f47bf171313965813fc78d8e,UNCHANGED,,,,NOT_APPLICABLE
results/evidence/20260908/EDUCATION_AND_COLLABORATION_EVIDENCE.md,3059,7a63e8cc690f214f22f098729a58679dc396b9d83024293bb8f30e9b33b659dc,UNCHANGED,,,,NOT_APPLICABLE
results/fabric_ai/20260908/candidate_space.json,66429,22b01bf95c4e6574aa87d21a8d47d29baeba6aeb3d6a8b0fdabe4e73c17caf80,ADDED,FABRIC-AI_Production_Optimizer_v1.2_fresh_Design-mode_freeze_20260908.zip,FABRIC-AI_v1.2_fresh_Design-mode_freeze_20260908/results/fabric_ai_primary_prepare/candidate_space.json,22b01bf95c4e6574aa87d21a8d47d29baeba6aeb3d6a8b0fdabe4e73c17caf80,EXACT
results/fabric_ai/20260908/DESIGN_MODE_FINAL_FREEZE.json,1401,a81da6cdf2c3ac4311a2db4a195f862df315952729b09bf5f26afdfe77101369,UNCHANGED,,,,NOT_APPLICABLE
results/fabric_ai/20260908/DESIGN_MODE_PRIMARY_RESULT.json,1211,7ea2934f57cf2336ab76d2a5e9f71de63c598514cf71c1548465bf06fee170bb,UNCHANGED,,,,NOT_APPLICABLE
results/fabric_ai/20260908/design_mode_ranking.csv,16833,64e7493450278d3b616a66b6dc1d109b7d503d175bc3ffef5c9c36517ec23206,ADDED,FABRIC-AI_Production_Optimizer_v1.2_ranking_numeric_equivalence_correction_20260908.zip,results/fabric_ai_ranking_numeric_correction_20260908/design_mode_ranking.csv,64e7493450278d3b616a66b6dc1d109b7d503d175bc3ffef5c9c36517ec23206,EXACT
results/fabric_ai/20260908/design_mode_topk.csv,509,ea440d8e8bc5f96a8bf88b1579c4074f54ef4f4146eed6330058ad0edc62c561,ADDED,FABRIC-AI_Production_Optimizer_v1.2_ranking_numeric_equivalence_correction_20260908.zip,results/fabric_ai_ranking_numeric_correction_20260908/design_mode_topk.csv,ea440d8e8bc5f96a8bf88b1579c4074f54ef4f4146eed6330058ad0edc62c561,EXACT
results/fabric_ai/20260908/DESIGN_MODE_V1_2_AUDIT.md,3961,6cfe36024393f1def1b1baaeba126df355ba8bd32b851f8c3b2c1244489d112b,UNCHANGED,,,,NOT_APPLICABLE
results/fabric_ai/20260908/frozen_logs/06_rank_numeric_correction.log,2894,450522e7f4f751372d05aadd097f2594a4158b465501f8f9504b69152c031cdf,ADDED,FABRIC-AI_Production_Optimizer_v1.2_ranking_numeric_equivalence_correction_20260908.zip,logs/06_rank_numeric_correction.log,450522e7f4f751372d05aadd097f2594a4158b465501f8f9504b69152c031cdf,EXACT
results/fabric_ai/20260908/frozen_logs/07_tests_ranking_numeric_correction.log,234,3c3e61806981c8dc9dfd9d06bf3fd5d670ac7cf23e5b73cc5f5d16fad59679b7,ADDED,FABRIC-AI_Production_Optimizer_v1.2_ranking_numeric_equivalence_correction_20260908.zip,logs/07_tests_ranking_numeric_correction.log,3c3e61806981c8dc9dfd9d06bf3fd5d670ac7cf23e5b73cc5f5d16fad59679b7,EXACT
results/fabric_ai/20260908/gene_admission_audit.csv,142380,ef8d52056eccf1787d4a2408a9adebff4d944520e709f3f8bb390ef17e5aba03,ADDED,FABRIC-AI_Production_Optimizer_v1.2_fresh_Design-mode_freeze_20260908.zip,FABRIC-AI_v1.2_fresh_Design-mode_freeze_20260908/results/fabric_ai_primary_prepare/gene_admission_audit.csv,ef8d52056eccf1787d4a2408a9adebff4d944520e709f3f8bb390ef17e5aba03,EXACT
results/fabric_ai/20260908/prepare_summary.json,1213,c6f95d4edc49d083ef498aeef3cc8dc85d16bd0978ca0f5ac3a0fd67b61fad71,ADDED,FABRIC-AI_Production_Optimizer_v1.2_fresh_Design-mode_freeze_20260908.zip,FABRIC-AI_v1.2_fresh_Design-mode_freeze_20260908/results/fabric_ai_primary_prepare/summary.json,c6f95d4edc49d083ef498aeef3cc8dc85d16bd0978ca0f5ac3a0fd67b61fad71,EXACT
results/fabric_ai/20260908/ranking_numeric_correction/design_mode_topk.csv,506,8d77b9ab15b2cb5fb42efa8464db54f7c7100d8ce7758975ffa97c143695140a,UNCHANGED,,,,NOT_APPLICABLE
results/fabric_ai/20260908/ranking_numeric_correction/README.md,1276,c46a16cddfd491ea11fb101ba5983dec40b00963f61936e5d94c26aa16f800ac,UNCHANGED,,,,NOT_APPLICABLE
results/fabric_ai/20260908/ranking_numeric_correction/verification_summary.json,1015,879ee4415a7b4d2e0ddc2d9ce214990bc8efe20cecdeefbae84b3b5fdce3a30d,UNCHANGED,,,,NOT_APPLICABLE
results/fabric_ai/20260908/ranking_numeric_correction_manifest.json,5162,a46b11762ffc84de6516e0a621d8ea436c37235aa8f8a197c010157117c0a784,ADDED,FABRIC-AI_Production_Optimizer_v1.2_ranking_numeric_equivalence_correction_20260908.zip,ranking_numeric_correction_manifest.json,a46b11762ffc84de6516e0a621d8ea436c37235aa8f8a197c010157117c0a784,EXACT
results/fabric_ai/20260908/ranking_numeric_correction_verification.json,1833,ad603d5ff65fb296b106e64624c48f912218406a1fe78040dc2d78c084e890bf,ADDED,FABRIC-AI_Production_Optimizer_v1.2_ranking_numeric_equivalence_correction_20260908.zip,audit/ranking_numeric_correction_verification.json,ad603d5ff65fb296b106e64624c48f912218406a1fe78040dc2d78c084e890bf,EXACT
results/fabric_ai/20260908/RANKING_NUMERIC_EQUIVALENCE_CORRECTION.md,2930,7cc8e6c25d5ca1f50375fc955f5f2495503e9a18a79aaeca83c3324d1506fd10,UNCHANGED,,,,NOT_APPLICABLE
results/fabric_ai/20260908/reaction_fva.csv,110877,4d0589c52b150fa8e1707d92d813c1984ad291201452ae5fbbbcb30469fbd93e,ADDED,FABRIC-AI_Production_Optimizer_v1.2_fresh_Design-mode_freeze_20260908.zip,FABRIC-AI_v1.2_fresh_Design-mode_freeze_20260908/results/fabric_ai_primary_prepare/reaction_fva.csv,4d0589c52b150fa8e1707d92d813c1984ad291201452ae5fbbbcb30469fbd93e,EXACT
results/fabric_ai/20260908/README.md,1237,e9e641b9154d84c8026bb661eac8bdde92a854451b47e6a6a8e0b7cc9c495919,ADDED,,,,NOT_APPLICABLE
results/fabric_ai/20260908/README_RANKING_NUMERIC_EQUIVALENCE_CORRECTION.md,1837,d51d38bdb7a90d22ba7122651323d9ecd44019d14a80684e2b849b9cfafed52e,ADDED,FABRIC-AI_Production_Optimizer_v1.2_ranking_numeric_equivalence_correction_20260908.zip,README_RANKING_NUMERIC_EQUIVALENCE_CORRECTION.md,d51d38bdb7a90d22ba7122651323d9ecd44019d14a80684e2b849b9cfafed52e,EXACT
results/fabric_ai/20260908/summary.json,2627,448ef091d9bd766a08fa637314e2d1c4e729fe3ba431d8423a102d07b2904ff9,ADDED,FABRIC-AI_Production_Optimizer_v1.2_ranking_numeric_equivalence_correction_20260908.zip,results/fabric_ai_ranking_numeric_correction_20260908/summary.json,448ef091d9bd766a08fa637314e2d1c4e729fe3ba431d8423a102d07b2904ff9,EXACT
results/fabric_ai/20260908/v1_candidate_metrics.csv,103985,2176df82d1f75ee7c38990836c3e185c658b2c615635664e800c68063332300d,ADDED,FABRIC-AI_Production_Optimizer_v1.2_ranking_numeric_equivalence_correction_20260908.zip,results/fabric_ai_v1_metrics/candidate_metrics.csv,2176df82d1f75ee7c38990836c3e185c658b2c615635664e800c68063332300d,EXACT
results/fabric_ai/20260908/v1_summary.json,3008,a2592d738b36ad299d7ba64d7084284d00d60cad707c8cb9ead2663976f30c22,ADDED,FABRIC-AI_Production_Optimizer_v1.2_ranking_numeric_equivalence_correction_20260908.zip,results/fabric_ai_v1_metrics/summary.json,a2592d738b36ad299d7ba64d7084284d00d60cad707c8cb9ead2663976f30c22,EXACT
results/fabric_ai/20260908/v2a_candidate_metrics.csv,106420,e270f2636e8fb0e52702f43e35fc6a7e8aea5acdffa344fb7b09c45d0839e150,ADDED,FABRIC-AI_Production_Optimizer_v1.2_ranking_numeric_equivalence_correction_20260908.zip,results/fabric_ai_v2a_metrics/candidate_metrics.csv,e270f2636e8fb0e52702f43e35fc6a7e8aea5acdffa344fb7b09c45d0839e150,EXACT
results/fabric_ai/20260908/v2a_summary.json,3354,8d21cfa35bc4757e5317e0c397347cb8f938ebb38e4aac7bd934f9c30ed8677e,ADDED,FABRIC-AI_Production_Optimizer_v1.2_ranking_numeric_equivalence_correction_20260908.zip,results/fabric_ai_v2a_metrics/summary.json,8d21cfa35bc4757e5317e0c397347cb8f938ebb38e4aac7bd934f9c30ed8677e,EXACT
results/figures/.gitkeep,0,e3b0c44298fc1c149afbf4c8996fb92427ae41e4649b934ca495991b7852b855,UNCHANGED,,,,NOT_APPLICABLE
results/history/code_parts_sync_20260908/pre_sync/src/ai/fabric_ai_optimizer/FABRIC-AI_Production_Optimizer_SPEC_v1.2.md,11531,ff4855189c1d7f911f29e8fa3606239f916b914fc2eb48731abb3b03379944e8,ADDED,,,,NOT_APPLICABLE
results/history/code_parts_sync_20260908/pre_sync/src/ai/fabric_ai_optimizer/fabric_ai_optimizer_contract_v1.2.json,2580,48c5fb58094bfe636352465121af33ac6997a243a3576ea2ca62abd901089753,ADDED,,,,NOT_APPLICABLE
results/history/fabric_ai/20260908/pre_numeric_correction/audit/final_verification.json,960,a0a09c662b49f395b5ca7c2d9939ab46d528262328430e4bbf7b783003b99056,ADDED,FABRIC-AI_Production_Optimizer_v1.2_fresh_Design-mode_freeze_20260908.zip,FABRIC-AI_v1.2_fresh_Design-mode_freeze_20260908/audit/final_verification.json,a0a09c662b49f395b5ca7c2d9939ab46d528262328430e4bbf7b783003b99056,EXACT
results/history/fabric_ai/20260908/pre_numeric_correction/design_mode_ranking.csv,17763,dda2807d1a80cc214fe3cc2f08a326582a16d91f1b5ff563a0ab6a1f9aeba9a3,ADDED,FABRIC-AI_Production_Optimizer_v1.2_fresh_Design-mode_freeze_20260908.zip,FABRIC-AI_v1.2_fresh_Design-mode_freeze_20260908/results/fabric_ai_design_mode_final/design_mode_ranking.csv,dda2807d1a80cc214fe3cc2f08a326582a16d91f1b5ff563a0ab6a1f9aeba9a3,EXACT
results/history/fabric_ai/20260908/pre_numeric_correction/design_mode_topk.csv,599,f242e0286fd4a96d16a5a53183c83e761091ad46d43c275fcf4c7f2d6e275d39,ADDED,FABRIC-AI_Production_Optimizer_v1.2_fresh_Design-mode_freeze_20260908.zip,FABRIC-AI_v1.2_fresh_Design-mode_freeze_20260908/results/fabric_ai_design_mode_final/design_mode_topk.csv,f242e0286fd4a96d16a5a53183c83e761091ad46d43c275fcf4c7f2d6e275d39,EXACT
results/history/fabric_ai/20260908/pre_numeric_correction/freeze_inputs/common_candidate_space_237_HISTORICAL.json,61998,29562b603abd5d9088b7ba0feefd254ad5ad7175ad53f544e533de110795425f,ADDED,FABRIC-AI_Production_Optimizer_v1.2_fresh_Design-mode_freeze_20260908.zip,FABRIC-AI_v1.2_fresh_Design-mode_freeze_20260908/freeze_inputs/common_candidate_space_237_HISTORICAL.json,29562b603abd5d9088b7ba0feefd254ad5ad7175ad53f544e533de110795425f,EXACT
results/history/fabric_ai/20260908/pre_numeric_correction/freeze_inputs/common_model_and_evaluation_contract.json,6742,eb2aded6eb45e340c29d5cf5b6e15fe3871b0957072d4ecc40b2e7709e829a61,ADDED,FABRIC-AI_Production_Optimizer_v1.2_fresh_Design-mode_freeze_20260908.zip,FABRIC-AI_v1.2_fresh_Design-mode_freeze_20260908/freeze_inputs/common_model_and_evaluation_contract.json,eb2aded6eb45e340c29d5cf5b6e15fe3871b0957072d4ecc40b2e7709e829a61,EXACT
results/history/fabric_ai/20260908/pre_numeric_correction/frozen_manifest.json,7374,7b606f2ace6f67670b0da929ccfa8faa777814f799014bcc0f0fb9fa42bc7652,ADDED,FABRIC-AI_Production_Optimizer_v1.2_fresh_Design-mode_freeze_20260908.zip,FABRIC-AI_v1.2_fresh_Design-mode_freeze_20260908/frozen_manifest.json,7b606f2ace6f67670b0da929ccfa8faa777814f799014bcc0f0fb9fa42bc7652,EXACT
results/history/fabric_ai/20260908/pre_numeric_correction/logs/05_tests.log,952,0d7e7856ef1331fec6a4de715612cbdb61ae35c788c738b851e340d3c53fe946,ADDED,FABRIC-AI_Production_Optimizer_v1.2_fresh_Design-mode_freeze_20260908.zip,FABRIC-AI_v1.2_fresh_Design-mode_freeze_20260908/logs/05_tests.log,0d7e7856ef1331fec6a4de715612cbdb61ae35c788c738b851e340d3c53fe946,EXACT
results/history/fabric_ai/20260908/pre_numeric_correction/summary.json,1482,2a55c63a8ee3b8df1f20c88fdc9ef9e1a7f84eabc9bcc5120c9003e1b188f6e8,ADDED,FABRIC-AI_Production_Optimizer_v1.2_fresh_Design-mode_freeze_20260908.zip,FABRIC-AI_v1.2_fresh_Design-mode_freeze_20260908/results/fabric_ai_design_mode_final/summary.json,2a55c63a8ee3b8df1f20c88fdc9ef9e1a7f84eabc9bcc5120c9003e1b188f6e8,EXACT
results/README.md,694,6b92831af5955b25832625507c9f2138b1e94722930a93217a16913dd6a2b60c,UNCHANGED,,,,NOT_APPLICABLE
safety/01_安全责任协议书 (1).docx,30390,febad2ae32ec3aaae972e5d38d79a7ee088d7143bb7d9f2665e90f4d0de6abf5,UNCHANGED,,,,NOT_APPLICABLE
safety/02_学术诚信承诺书.docx,37947,33889e5577f40e4b04a96c74d2752225d91d91208bd65998c2c24823eb81972f,UNCHANGED,,,,NOT_APPLICABLE
safety/03_AI技术方案书与初步安全审批表_提交指南.docx,62915,0bceb66ed80309c41259f390e843093faf4ed83197cd85367315b460beb32ed3,UNCHANGED,,,,NOT_APPLICABLE
safety/checkin_records/.gitkeep,0,e3b0c44298fc1c149afbf4c8996fb92427ae41e4649b934ca495991b7852b855,UNCHANGED,,,,NOT_APPLICABLE
safety/README.md,1072,e1ec80c4b7443985d0a0890e87de1014fa2465f9d2b53222442975194f636374,UNCHANGED,,,,NOT_APPLICABLE
src/ai/fabric_ai_optimizer/FABRIC-AI_Production_Optimizer_SPEC_v1.2.md,11529,3d667a8cf54349134d9617da5601ace2cb7b8045fc26020c54cf1a210ffc6fcb,UPDATED,FABRIC-AI_Production_Optimizer_v1.2_ranking_numeric_equivalence_correction_20260908.zip,src/ai/fabric_ai_optimizer/FABRIC-AI_Production_Optimizer_SPEC_v1.2.md,3d667a8cf54349134d9617da5601ace2cb7b8045fc26020c54cf1a210ffc6fcb,EXACT
src/ai/fabric_ai_optimizer/fabric_ai_benchmark.py,45375,c43964cafcf24ee65652256494f2f8aac67be7f3cfb1195f0ffe1614ac248c57,ADDED,FABRIC-AI_Production_Optimizer_v1.2_ranking_numeric_equivalence_correction_20260908.zip,optimizer/fabric_ai_benchmark.py,c43964cafcf24ee65652256494f2f8aac67be7f3cfb1195f0ffe1614ac248c57,EXACT
src/ai/fabric_ai_optimizer/fabric_ai_optimizer_contract_v1.2.json,2573,6076a435cf29d38be450b3f4eea5ed4687936f208169d266fd8bc33af710c98a,UPDATED,FABRIC-AI_Production_Optimizer_v1.2_ranking_numeric_equivalence_correction_20260908.zip,src/ai/fabric_ai_optimizer/fabric_ai_optimizer_contract_v1.2.json,6076a435cf29d38be450b3f4eea5ed4687936f208169d266fd8bc33af710c98a,EXACT
src/ai/fabric_ai_optimizer/README.md,4681,5bfc557930dad195b1256a8d947308d2cd44aa10983a54b5cedcf78e3277c31c,ADDED,,,,NOT_APPLICABLE
src/ai/fabric_ai_optimizer/requirements-frozen.txt,140,b0fd4e1125a5691764b6b0507e0d9a794675b2920e510e3307288621095ad9bf,ADDED,,,,NOT_APPLICABLE
src/ai/fabric_ai_optimizer/verify_design_mode.py,4049,a5414640cc897761a29c5f4f8dd02502f9f9b1ab18889fea34a3754cb627fd86,ADDED,FABRIC-AI_Production_Optimizer_v1.2_fresh_Design-mode_freeze_20260908.zip,FABRIC-AI_v1.2_fresh_Design-mode_freeze_20260908/tools/verify_design_mode.py,a5414640cc897761a29c5f4f8dd02502f9f9b1ab18889fea34a3754cb627fd86,EXACT
src/ai/fabric_ai_optimizer/verify_ranking_numeric_correction.py,7982,12bf91d20296c62a09644c7f73f2ca7e049071e86f69fd5a4aeac0988714ee16,ADDED,FABRIC-AI_Production_Optimizer_v1.2_ranking_numeric_equivalence_correction_20260908.zip,tools/verify_ranking_numeric_correction.py,12bf91d20296c62a09644c7f73f2ca7e049071e86f69fd5a4aeac0988714ee16,EXACT
src/ai/README.md,1037,05baf6f2aa535c29cd0210d2d0a7ecca8e338dd4cba75207b8e2b1f6a1b78a0d,UNCHANGED,,,,NOT_APPLICABLE
src/wet_lab/README.md,642,43c57a38cb81f55c863217711808a49cf70b9e6fbc08f413639aeea2269f1bca,UNCHANGED,,,,NOT_APPLICABLE
tests/fabric_ai/test_ranker.py,5216,df1d9037c7e7143feb9ce6ffaf8a1d885c2bc773431d35289fc503ee07804526,ADDED,FABRIC-AI_Production_Optimizer_v1.2_ranking_numeric_equivalence_correction_20260908.zip,tests/test_ranker.py,df1d9037c7e7143feb9ce6ffaf8a1d885c2bc773431d35289fc503ee07804526,EXACT
tests/optimizer/fabric_ai_benchmark.py,263,72ed25024c73bd7558f110c1dd1606648442cbdeae5d24842199cba412854b22,ADDED,,,,NOT_APPLICABLE
tools/fabric_ai/check_parts_integrity.py,4601,230cfa9db9566d9a194c74e17bcbad43dea635f12ccd68db7ec2370ada976aa6,ADDED,,,,NOT_APPLICABLE
tools/fabric_ai/reproduction_smoke.py,4911,36185c44c3e52037a355d5c2ee2504f430f61a6126862336dbef37f492b88c58,ADDED,,,,NOT_APPLICABLE
tools/fabric_ai/scan_repo.py,5375,9da99944f2473fd397c5a2b3ae6a9bb01420d8dfae0c3335fed9e4e6e1d9fe86,ADDED,,,,NOT_APPLICABLE
tools/fabric_ai/verify_repo_freeze.py,3243,46e7ee636d0f474c577c8a0951488b9527206dc6d2449383e982af2934c8d1b5,ADDED,,,,NOT_APPLICABLE
wiki/AI-Computational-Methods.md,9844,cb57cae3727db7745ed711a2c1d25320523859888bf66e6af963cf5df36b212d,UNCHANGED,,,,NOT_APPLICABLE
wiki/AI-Ethics-Safety.md,4980,944e9fffc31293c847ede4df266e89e455547a644da302e1e1e46d2c8ca1a442,UNCHANGED,,,,NOT_APPLICABLE
wiki/Attributions.md,2673,d194ac1c4748e373c3d5a33c42c2ed0f091729a4dc43cb7fe4d09964e33f73ac,UNCHANGED,,,,NOT_APPLICABLE
wiki/Collaboration.md,4390,d629f8a2eb1975945ecc912fac7ab4b71cc33ba4192b356f92d4f0c6ad07d9c9,UNCHANGED,,,,NOT_APPLICABLE
wiki/Design.md,4655,c1bfd91b10615b0f1b6ad024363661771c6c58d555df9ccb1360efd221b46081,UNCHANGED,,,,NOT_APPLICABLE
wiki/Education.md,4249,82b3d454499bebe412eaa3b19fa62f9535f153debb73cceae293ca4b6d125421,UNCHANGED,,,,NOT_APPLICABLE
wiki/Engineering-Cycle.md,5518,1b87694098cdd949b2291d0a9887099777efb29751019beb80ea2851fe0a5934,UNCHANGED,,,,NOT_APPLICABLE
wiki/Home.md,4839,66c674e500c5dc19a9fb1a40673bb23bbe22b023e8b9786ee9883c2a275ee358,UNCHANGED,,,,NOT_APPLICABLE
wiki/Human-Practices.md,6168,dacf8e51254b3b684831064c16a7ae622fb179975c69802632d65dbe47d32c1a,UNCHANGED,,,,NOT_APPLICABLE
wiki/Integrated-Validation.md,5195,cf2e1a8125e33071a9b810dfa61a49deaf9bfb1bb30e69fd4d0435fa9fe823d0,UNCHANGED,,,,NOT_APPLICABLE
wiki/Parts.md,4482,fe3db00fdba1e4b7e54926256a9d8f23da1ea3a5b28c13b2b98829fde1358c0f,UNCHANGED,,,,NOT_APPLICABLE
wiki/Project-Description.md,4196,b43662a89e9333d54aa946bdc0aa06c5aab136b34335cb3d5d8951906c094a28,UNCHANGED,,,,NOT_APPLICABLE
wiki/Verifiability.md,2851,79c189a00039105512a762295702ddfbf9e0885fe9650bb87c5857658aa461ee,UNCHANGED,,,,NOT_APPLICABLE
wiki/Wet-Lab-Experiments.md,6328,bf42bc8e744867ea594884de40e8adab9a7c920158d50daaa2cbe11f30fb5a9a,UNCHANGED,,,,NOT_APPLICABLE
初赛材料/README.md,125,976b370d9305035ed2b931afe112bf7d1de2f4c58ceb72075d2cc566e15a5886,UNCHANGED,,,,NOT_APPLICABLE
初赛材料/宣传视频.mp4,12122502,9a856269a487fbaf70cafc8ae14ce822243ed6ea8ee181cbd41eb414e3899856,UNCHANGED,,,,NOT_APPLICABLE
初赛材料/项目logo.jpg,40861,b74e098931be63174e3cb2784baec1e5ccab0fe92515585b9864c6850ef949c2,UNCHANGED,,,,NOT_APPLICABLE
初赛材料/项目海报.jpg,217519,07aaa8cc27538fdccf194f2231ed801cc4273d82fa42540d8f02850559d82efc,UNCHANGED,,,,NOT_APPLICABLE
