path,source_zip,source_member,bytes,source_sha256,repo_sha256,status
src/ai/fabric_ai_optimizer/fabric_ai_benchmark.py,FABRIC-AI_Production_Optimizer_v1.2_ranking_numeric_equivalence_correction_20260908.zip,optimizer/fabric_ai_benchmark.py,45375,c43964cafcf24ee65652256494f2f8aac67be7f3cfb1195f0ffe1614ac248c57,c43964cafcf24ee65652256494f2f8aac67be7f3cfb1195f0ffe1614ac248c57,EXACT
tests/fabric_ai/test_ranker.py,FABRIC-AI_Production_Optimizer_v1.2_ranking_numeric_equivalence_correction_20260908.zip,tests/test_ranker.py,5216,df1d9037c7e7143feb9ce6ffaf8a1d885c2bc773431d35289fc503ee07804526,df1d9037c7e7143feb9ce6ffaf8a1d885c2bc773431d35289fc503ee07804526,EXACT
src/ai/fabric_ai_optimizer/verify_design_mode.py,FABRIC-AI_Production_Optimizer_v1.2_fresh_Design-mode_freeze_20260908.zip,FABRIC-AI_v1.2_fresh_Design-mode_freeze_20260908/tools/verify_design_mode.py,4049,a5414640cc897761a29c5f4f8dd02502f9f9b1ab18889fea34a3754cb627fd86,a5414640cc897761a29c5f4f8dd02502f9f9b1ab18889fea34a3754cb627fd86,EXACT
src/ai/fabric_ai_optimizer/verify_ranking_numeric_correction.py,FABRIC-AI_Production_Optimizer_v1.2_ranking_numeric_equivalence_correction_20260908.zip,tools/verify_ranking_numeric_correction.py,7982,12bf91d20296c62a09644c7f73f2ca7e049071e86f69fd5a4aeac0988714ee16,12bf91d20296c62a09644c7f73f2ca7e049071e86f69fd5a4aeac0988714ee16,EXACT
configs/fabric_ai/v1_glucose_reference.json,FABRIC-AI_Production_Optimizer_v1.2_fresh_Design-mode_freeze_20260908.zip,FABRIC-AI_v1.2_fresh_Design-mode_freeze_20260908/conditions/v1_glucose_reference.json,280,f8605f6d68f3a23be3da8fb37d5fb1134ad4d2d62c81d720f26fea36c01556a5,f8605f6d68f3a23be3da8fb37d5fb1134ad4d2d62c81d720f26fea36c01556a5,EXACT
configs/fabric_ai/v2a_historical_ethanol_stage.json,FABRIC-AI_Production_Optimizer_v1.2_fresh_Design-mode_freeze_20260908.zip,FABRIC-AI_v1.2_fresh_Design-mode_freeze_20260908/conditions/v2a_historical_ethanol_stage.json,464,1e33446024972f882a0260cdd0e1efd06a9e708ad297952b7e926947919d0027,1e33446024972f882a0260cdd0e1efd06a9e708ad297952b7e926947919d0027,EXACT
configs/fabric_ai/protected_reaction_ids.json,FABRIC-AI_Production_Optimizer_v1.2_fresh_Design-mode_freeze_20260908.zip,FABRIC-AI_v1.2_fresh_Design-mode_freeze_20260908/config/protected_reaction_ids.json,26476,6373e8b8ea1af85f4e58819b6f7c42a2a15589106ef4f0dbefa16931c51e81cd,6373e8b8ea1af85f4e58819b6f7c42a2a15589106ef4f0dbefa16931c51e81cd,EXACT
configs/config/protected_reaction_ids.json,FABRIC-AI_Production_Optimizer_v1.2_fresh_Design-mode_freeze_20260908.zip,FABRIC-AI_v1.2_fresh_Design-mode_freeze_20260908/config/protected_reaction_ids.json,26476,6373e8b8ea1af85f4e58819b6f7c42a2a15589106ef4f0dbefa16931c51e81cd,6373e8b8ea1af85f4e58819b6f7c42a2a15589106ef4f0dbefa16931c51e81cd,EXACT
models/fabric_ai/common_model.json,FABRIC-AI_Production_Optimizer_v1.2_fresh_Design-mode_freeze_20260908.zip,FABRIC-AI_v1.2_fresh_Design-mode_freeze_20260908/model/common_model.json,4556661,c7767f92ae22dfd1591ca138e99dc305f477728cffb9eee4eef71d3c162ed684,c7767f92ae22dfd1591ca138e99dc305f477728cffb9eee4eef71d3c162ed684,EXACT
results/fabric_ai/20260908/candidate_space.json,FABRIC-AI_Production_Optimizer_v1.2_fresh_Design-mode_freeze_20260908.zip,FABRIC-AI_v1.2_fresh_Design-mode_freeze_20260908/results/fabric_ai_primary_prepare/candidate_space.json,66429,22b01bf95c4e6574aa87d21a8d47d29baeba6aeb3d6a8b0fdabe4e73c17caf80,22b01bf95c4e6574aa87d21a8d47d29baeba6aeb3d6a8b0fdabe4e73c17caf80,EXACT
results/fabric_ai/20260908/gene_admission_audit.csv,FABRIC-AI_Production_Optimizer_v1.2_fresh_Design-mode_freeze_20260908.zip,FABRIC-AI_v1.2_fresh_Design-mode_freeze_20260908/results/fabric_ai_primary_prepare/gene_admission_audit.csv,142380,ef8d52056eccf1787d4a2408a9adebff4d944520e709f3f8bb390ef17e5aba03,ef8d52056eccf1787d4a2408a9adebff4d944520e709f3f8bb390ef17e5aba03,EXACT
results/fabric_ai/20260908/reaction_fva.csv,FABRIC-AI_Production_Optimizer_v1.2_fresh_Design-mode_freeze_20260908.zip,FABRIC-AI_v1.2_fresh_Design-mode_freeze_20260908/results/fabric_ai_primary_prepare/reaction_fva.csv,110877,4d0589c52b150fa8e1707d92d813c1984ad291201452ae5fbbbcb30469fbd93e,4d0589c52b150fa8e1707d92d813c1984ad291201452ae5fbbbcb30469fbd93e,EXACT
results/fabric_ai/20260908/prepare_summary.json,FABRIC-AI_Production_Optimizer_v1.2_fresh_Design-mode_freeze_20260908.zip,FABRIC-AI_v1.2_fresh_Design-mode_freeze_20260908/results/fabric_ai_primary_prepare/summary.json,1213,c6f95d4edc49d083ef498aeef3cc8dc85d16bd0978ca0f5ac3a0fd67b61fad71,c6f95d4edc49d083ef498aeef3cc8dc85d16bd0978ca0f5ac3a0fd67b61fad71,EXACT
results/fabric_ai/20260908/v1_candidate_metrics.csv,FABRIC-AI_Production_Optimizer_v1.2_ranking_numeric_equivalence_correction_20260908.zip,results/fabric_ai_v1_metrics/candidate_metrics.csv,103985,2176df82d1f75ee7c38990836c3e185c658b2c615635664e800c68063332300d,2176df82d1f75ee7c38990836c3e185c658b2c615635664e800c68063332300d,EXACT
results/fabric_ai/20260908/v1_summary.json,FABRIC-AI_Production_Optimizer_v1.2_ranking_numeric_equivalence_correction_20260908.zip,results/fabric_ai_v1_metrics/summary.json,3008,a2592d738b36ad299d7ba64d7084284d00d60cad707c8cb9ead2663976f30c22,a2592d738b36ad299d7ba64d7084284d00d60cad707c8cb9ead2663976f30c22,EXACT
results/fabric_ai/20260908/v2a_candidate_metrics.csv,FABRIC-AI_Production_Optimizer_v1.2_ranking_numeric_equivalence_correction_20260908.zip,results/fabric_ai_v2a_metrics/candidate_metrics.csv,106420,e270f2636e8fb0e52702f43e35fc6a7e8aea5acdffa344fb7b09c45d0839e150,e270f2636e8fb0e52702f43e35fc6a7e8aea5acdffa344fb7b09c45d0839e150,EXACT
results/fabric_ai/20260908/v2a_summary.json,FABRIC-AI_Production_Optimizer_v1.2_ranking_numeric_equivalence_correction_20260908.zip,results/fabric_ai_v2a_metrics/summary.json,3354,8d21cfa35bc4757e5317e0c397347cb8f938ebb38e4aac7bd934f9c30ed8677e,8d21cfa35bc4757e5317e0c397347cb8f938ebb38e4aac7bd934f9c30ed8677e,EXACT
results/fabric_ai/20260908/design_mode_ranking.csv,FABRIC-AI_Production_Optimizer_v1.2_ranking_numeric_equivalence_correction_20260908.zip,results/fabric_ai_ranking_numeric_correction_20260908/design_mode_ranking.csv,16833,64e7493450278d3b616a66b6dc1d109b7d503d175bc3ffef5c9c36517ec23206,64e7493450278d3b616a66b6dc1d109b7d503d175bc3ffef5c9c36517ec23206,EXACT
results/history/fabric_ai/20260908/pre_numeric_correction/design_mode_ranking.csv,FABRIC-AI_Production_Optimizer_v1.2_fresh_Design-mode_freeze_20260908.zip,FABRIC-AI_v1.2_fresh_Design-mode_freeze_20260908/results/fabric_ai_design_mode_final/design_mode_ranking.csv,17763,dda2807d1a80cc214fe3cc2f08a326582a16d91f1b5ff563a0ab6a1f9aeba9a3,dda2807d1a80cc214fe3cc2f08a326582a16d91f1b5ff563a0ab6a1f9aeba9a3,EXACT
results/fabric_ai/20260908/design_mode_topk.csv,FABRIC-AI_Production_Optimizer_v1.2_ranking_numeric_equivalence_correction_20260908.zip,results/fabric_ai_ranking_numeric_correction_20260908/design_mode_topk.csv,509,ea440d8e8bc5f96a8bf88b1579c4074f54ef4f4146eed6330058ad0edc62c561,ea440d8e8bc5f96a8bf88b1579c4074f54ef4f4146eed6330058ad0edc62c561,EXACT
results/history/fabric_ai/20260908/pre_numeric_correction/design_mode_topk.csv,FABRIC-AI_Production_Optimizer_v1.2_fresh_Design-mode_freeze_20260908.zip,FABRIC-AI_v1.2_fresh_Design-mode_freeze_20260908/results/fabric_ai_design_mode_final/design_mode_topk.csv,599,f242e0286fd4a96d16a5a53183c83e761091ad46d43c275fcf4c7f2d6e275d39,f242e0286fd4a96d16a5a53183c83e761091ad46d43c275fcf4c7f2d6e275d39,EXACT
results/fabric_ai/20260908/summary.json,FABRIC-AI_Production_Optimizer_v1.2_ranking_numeric_equivalence_correction_20260908.zip,results/fabric_ai_ranking_numeric_correction_20260908/summary.json,2627,448ef091d9bd766a08fa637314e2d1c4e729fe3ba431d8423a102d07b2904ff9,448ef091d9bd766a08fa637314e2d1c4e729fe3ba431d8423a102d07b2904ff9,EXACT
results/history/fabric_ai/20260908/pre_numeric_correction/summary.json,FABRIC-AI_Production_Optimizer_v1.2_fresh_Design-mode_freeze_20260908.zip,FABRIC-AI_v1.2_fresh_Design-mode_freeze_20260908/results/fabric_ai_design_mode_final/summary.json,1482,2a55c63a8ee3b8df1f20c88fdc9ef9e1a7f84eabc9bcc5120c9003e1b188f6e8,2a55c63a8ee3b8df1f20c88fdc9ef9e1a7f84eabc9bcc5120c9003e1b188f6e8,EXACT
results/fabric_ai/20260908/ranking_numeric_correction_verification.json,FABRIC-AI_Production_Optimizer_v1.2_ranking_numeric_equivalence_correction_20260908.zip,audit/ranking_numeric_correction_verification.json,1833,ad603d5ff65fb296b106e64624c48f912218406a1fe78040dc2d78c084e890bf,ad603d5ff65fb296b106e64624c48f912218406a1fe78040dc2d78c084e890bf,EXACT
results/fabric_ai/20260908/ranking_numeric_correction_manifest.json,FABRIC-AI_Production_Optimizer_v1.2_ranking_numeric_equivalence_correction_20260908.zip,ranking_numeric_correction_manifest.json,5162,a46b11762ffc84de6516e0a621d8ea436c37235aa8f8a197c010157117c0a784,a46b11762ffc84de6516e0a621d8ea436c37235aa8f8a197c010157117c0a784,EXACT
results/fabric_ai/20260908/README_RANKING_NUMERIC_EQUIVALENCE_CORRECTION.md,FABRIC-AI_Production_Optimizer_v1.2_ranking_numeric_equivalence_correction_20260908.zip,README_RANKING_NUMERIC_EQUIVALENCE_CORRECTION.md,1837,d51d38bdb7a90d22ba7122651323d9ecd44019d14a80684e2b849b9cfafed52e,d51d38bdb7a90d22ba7122651323d9ecd44019d14a80684e2b849b9cfafed52e,EXACT
src/ai/fabric_ai_optimizer/FABRIC-AI_Production_Optimizer_SPEC_v1.2.md,FABRIC-AI_Production_Optimizer_v1.2_ranking_numeric_equivalence_correction_20260908.zip,src/ai/fabric_ai_optimizer/FABRIC-AI_Production_Optimizer_SPEC_v1.2.md,11529,3d667a8cf54349134d9617da5601ace2cb7b8045fc26020c54cf1a210ffc6fcb,3d667a8cf54349134d9617da5601ace2cb7b8045fc26020c54cf1a210ffc6fcb,EXACT
src/ai/fabric_ai_optimizer/fabric_ai_optimizer_contract_v1.2.json,FABRIC-AI_Production_Optimizer_v1.2_ranking_numeric_equivalence_correction_20260908.zip,src/ai/fabric_ai_optimizer/fabric_ai_optimizer_contract_v1.2.json,2573,6076a435cf29d38be450b3f4eea5ed4687936f208169d266fd8bc33af710c98a,6076a435cf29d38be450b3f4eea5ed4687936f208169d266fd8bc33af710c98a,EXACT
results/history/fabric_ai/20260908/pre_numeric_correction/freeze_inputs/common_candidate_space_237_HISTORICAL.json,FABRIC-AI_Production_Optimizer_v1.2_fresh_Design-mode_freeze_20260908.zip,FABRIC-AI_v1.2_fresh_Design-mode_freeze_20260908/freeze_inputs/common_candidate_space_237_HISTORICAL.json,61998,29562b603abd5d9088b7ba0feefd254ad5ad7175ad53f544e533de110795425f,29562b603abd5d9088b7ba0feefd254ad5ad7175ad53f544e533de110795425f,EXACT
results/history/fabric_ai/20260908/pre_numeric_correction/freeze_inputs/common_model_and_evaluation_contract.json,FABRIC-AI_Production_Optimizer_v1.2_fresh_Design-mode_freeze_20260908.zip,FABRIC-AI_v1.2_fresh_Design-mode_freeze_20260908/freeze_inputs/common_model_and_evaluation_contract.json,6742,eb2aded6eb45e340c29d5cf5b6e15fe3871b0957072d4ecc40b2e7709e829a61,eb2aded6eb45e340c29d5cf5b6e15fe3871b0957072d4ecc40b2e7709e829a61,EXACT
results/history/fabric_ai/20260908/pre_numeric_correction/frozen_manifest.json,FABRIC-AI_Production_Optimizer_v1.2_fresh_Design-mode_freeze_20260908.zip,FABRIC-AI_v1.2_fresh_Design-mode_freeze_20260908/frozen_manifest.json,7374,7b606f2ace6f67670b0da929ccfa8faa777814f799014bcc0f0fb9fa42bc7652,7b606f2ace6f67670b0da929ccfa8faa777814f799014bcc0f0fb9fa42bc7652,EXACT
results/history/fabric_ai/20260908/pre_numeric_correction/audit/final_verification.json,FABRIC-AI_Production_Optimizer_v1.2_fresh_Design-mode_freeze_20260908.zip,FABRIC-AI_v1.2_fresh_Design-mode_freeze_20260908/audit/final_verification.json,960,a0a09c662b49f395b5ca7c2d9939ab46d528262328430e4bbf7b783003b99056,a0a09c662b49f395b5ca7c2d9939ab46d528262328430e4bbf7b783003b99056,EXACT
results/history/fabric_ai/20260908/pre_numeric_correction/logs/05_tests.log,FABRIC-AI_Production_Optimizer_v1.2_fresh_Design-mode_freeze_20260908.zip,FABRIC-AI_v1.2_fresh_Design-mode_freeze_20260908/logs/05_tests.log,952,0d7e7856ef1331fec6a4de715612cbdb61ae35c788c738b851e340d3c53fe946,0d7e7856ef1331fec6a4de715612cbdb61ae35c788c738b851e340d3c53fe946,EXACT
results/fabric_ai/20260908/frozen_logs/06_rank_numeric_correction.log,FABRIC-AI_Production_Optimizer_v1.2_ranking_numeric_equivalence_correction_20260908.zip,logs/06_rank_numeric_correction.log,2894,450522e7f4f751372d05aadd097f2594a4158b465501f8f9504b69152c031cdf,450522e7f4f751372d05aadd097f2594a4158b465501f8f9504b69152c031cdf,EXACT
results/fabric_ai/20260908/frozen_logs/07_tests_ranking_numeric_correction.log,FABRIC-AI_Production_Optimizer_v1.2_ranking_numeric_equivalence_correction_20260908.zip,logs/07_tests_ranking_numeric_correction.log,234,3c3e61806981c8dc9dfd9d06bf3fd5d670ac7cf23e5b73cc5f5d16fad59679b7,3c3e61806981c8dc9dfd9d06bf3fd5d670ac7cf23e5b73cc5f5d16fad59679b7,EXACT
parts/AISB26-045-001/sequence.fasta,FABRIC-AI_v0.8_phase2_baseline_signed_20260905(1).zip,parts/AISB26-045-001/sequence.fasta,13157,7f8ace367de86e3a3eae18b4df088506a508a1edfc53a83bc601f3091ff946e6,7f8ace367de86e3a3eae18b4df088506a508a1edfc53a83bc601f3091ff946e6,EXACT
parts/AISB26-045-001/registry_export.gb,FABRIC-AI_v0.8_phase2_baseline_signed_20260905(1).zip,parts/AISB26-045-001/registry_export.gb,18363,aa52c10bc4ef813d65a8f2619db7820e1c48865a9d4126c5b52744ed52a32784,aa52c10bc4ef813d65a8f2619db7820e1c48865a9d4126c5b52744ed52a32784,EXACT
parts/AISB26-045-001/map.svg,FABRIC-AI_v0.8_phase2_baseline_signed_20260905(1).zip,parts/AISB26-045-001/map.svg,7877,a31f59a3d9cc450eb5116b0e9c779825857e0ce62b15322a692f3de69c3cc5f2,a31f59a3d9cc450eb5116b0e9c779825857e0ce62b15322a692f3de69c3cc5f2,EXACT
parts/AISB26-045-002/registry_export.gb,FABRIC-AI_v0.8_phase2_baseline_signed_20260905(1).zip,parts/AISB26-045-002/registry_export.gb,1324,82f42b1b6628ac78bd596d2b1069d54d45eb9e1b02e930792a39e390ada58686,82f42b1b6628ac78bd596d2b1069d54d45eb9e1b02e930792a39e390ada58686,EXACT
parts/AISB26-045-002/map.svg,FABRIC-AI_v0.8_phase2_baseline_signed_20260905(1).zip,parts/AISB26-045-002/map.svg,1070,419ab3726695ca976578bd3d5cbf5ff2b40649338548a290dff1341e9d494a89,419ab3726695ca976578bd3d5cbf5ff2b40649338548a290dff1341e9d494a89,EXACT
